Дата,Регион,Значение
2020-01-01,Россия,33.76016679
2020-01-01,Адыгея,38.52342935
2020-01-01,Алтай,35.38475586
2020-01-01,Алтайский край,35.56120982
2020-01-01,Амурская область,38.84309698
2020-01-01,Архангельская область,40.5515334
2020-01-01,Астраханская область,42.48933894
2020-01-01,Белгородская область,37.65996045
2020-01-01,Брянская область,46.5726475
2020-01-01,Владимирская область,46.35320922
2020-01-01,Волгоградская область,40.56025974
2020-01-01,Вологодская область,44.27548317
2020-01-01,Воронежская область,39.3957026
2020-01-01,Еврейская автономная область,54.02339003
2020-01-01,Забайкальский край,39.73872901
2020-01-01,Ивановская область,42.03092535
2020-01-01,Иркутская область,41.68243519
2020-01-01,Кабардино-Балкарская Республика,44.13327535
2020-01-01,Калининградская область,39.14277807
2020-01-01,Калужская область,39.87765429
2020-01-01,Камчатский край,54.19471731
2020-01-01,Кемеровская область,48.61967544
2020-01-01,Кировская область,38.67624832
2020-01-01,Костромская область,38.6944881
2020-01-01,Краснодарский край,31.74825023
2020-01-01,Красноярский край,44.31853842
2020-01-01,Курганская область,42.59921709
2020-01-01,Курская область,42.15734343
2020-01-01,Ленинградская область,31.41231344
2020-01-01,Липецкая область,42.40646601
2020-01-01,Магаданская область,75.85206307
2020-01-01,Мордовия,41.48715352
2020-01-01,Москва,22.18655809
2020-01-01,Московская область,29.84561467
2020-01-01,Мурманская область,62.99156415
2020-01-01,Нижегородская область,33.7054943
2020-01-01,Новгородская область,44.15624587
2020-01-01,Новосибирская область,32.31938257
2020-01-01,Омская область,39.32749246
2020-01-01,Оренбургская область,44.55773239
2020-01-01,Орловская область,41.71727794
2020-01-01,Пензенская область,38.05844834
2020-01-01,Пермский край,38.33697871
2020-01-01,Приморский край,32.50917195
2020-01-01,Псковская область,43.13682062
2020-01-01,Республика Башкортостан,36.99802664
2020-01-01,Республика Бурятия,50.7581138
2020-01-01,Республика Дагестан,47.96620607
2020-01-01,Республика Ингушетия,54.25727005
2020-01-01,Республика Калмыкия,52.93180317
2020-01-01,Республика Карачаево-Черкессия,41.09950235
2020-01-01,Республика Карелия,42.42369733
2020-01-01,Республика Коми,47.39632765
2020-01-01,Республика Марий Эл,45.87476977
2020-01-01,Республика Саха (Якутия),41.66290139
2020-01-01,Республика Северная Осетия-Алания,48.83498407
2020-01-01,Республика Татарстан,31.86236756
2020-01-01,Республика Тыва,28.77230598
2020-01-01,Республика Хакасия,45.3370964
2020-01-01,Ростовская область,37.42813281
2020-01-01,Рязанская область,42.83729487
2020-01-01,Самарская область,40.18021405
2020-01-01,Санкт-Петербург,25.40958142
2020-01-01,Саратовская область,46.38591951
2020-01-01,Сахалинская область,35.22010266
2020-01-01,Свердловская область,34.79488588
2020-01-01,Смоленская область,43.90378518
2020-01-01,Ставропольский край,42.1577221
2020-01-01,Тамбовская область,40.78298336
2020-01-01,Тверская область,38.53625292
2020-01-01,Томская область,38.21862416
2020-01-01,Тульская область,40.29912542
2020-01-01,Тюменская область,37.2181564
2020-01-01,Удмуртская Республика,36.77588159
2020-01-01,Ульяновская область,42.51317831
2020-01-01,Хабаровский край,39.93149957
2020-01-01,Челябинская область,45.20364361
2020-01-01,Чеченская Республика,57.61779291
2020-01-01,Чувашская Республика,37.30435176
2020-01-01,Чукотский АО,51.55136135
2020-01-01,Ярославская область,40.9945975
2020-02-01,Россия,34.54493156
2020-02-01,Адыгея,40.32470361
2020-02-01,Алтай,36.24545986
2020-02-01,Алтайский край,36.7366697
2020-02-01,Амурская область,40.69412575
2020-02-01,Архангельская область,41.1711347
2020-02-01,Астраханская область,44.30744827
2020-02-01,Белгородская область,38.34816657
2020-02-01,Брянская область,47.70286118
2020-02-01,Владимирская область,46.25241336
2020-02-01,Волгоградская область,41.27672603
2020-02-01,Вологодская область,45.02503165
2020-02-01,Воронежская область,40.79092858
2020-02-01,Еврейская автономная область,53.63427976
2020-02-01,Забайкальский край,41.354708
2020-02-01,Ивановская область,43.4427704
2020-02-01,Иркутская область,41.94259598
2020-02-01,Кабардино-Балкарская Республика,48.30467308
2020-02-01,Калининградская область,39.07087302
2020-02-01,Калужская область,40.18422879
2020-02-01,Камчатский край,55.4623491
2020-02-01,Кемеровская область,48.36699769
2020-02-01,Кировская область,39.00695937
2020-02-01,Костромская область,38.46495276
2020-02-01,Краснодарский край,32.53236039
2020-02-01,Красноярский край,44.81953468
2020-02-01,Курганская область,44.77888753
2020-02-01,Курская область,43.40970621
2020-02-01,Ленинградская область,31.32185801
2020-02-01,Липецкая область,43.31982181
2020-02-01,Магаданская область,76.72857978
2020-02-01,Мордовия,42.67488397
2020-02-01,Москва,22.09024493
2020-02-01,Московская область,30.26615598
2020-02-01,Мурманская область,63.66971216
2020-02-01,Нижегородская область,33.75159153
2020-02-01,Новгородская область,44.24485754
2020-02-01,Новосибирская область,32.22860439
2020-02-01,Омская область,41.50406092
2020-02-01,Оренбургская область,45.04000322
2020-02-01,Орловская область,41.8961859
2020-02-01,Пензенская область,38.88419978
2020-02-01,Пермский край,38.80975413
2020-02-01,Приморский край,32.94540708
2020-02-01,Псковская область,44.31191156
2020-02-01,Республика Башкортостан,37.57890348
2020-02-01,Республика Бурятия,51.87418986
2020-02-01,Республика Дагестан,48.87293338
2020-02-01,Республика Ингушетия,43.90318855
2020-02-01,Республика Калмыкия,52.52351399
2020-02-01,Республика Карачаево-Черкессия,43.99443497
2020-02-01,Республика Карелия,43.49623731
2020-02-01,Республика Коми,48.22990986
2020-02-01,Республика Марий Эл,44.05717707
2020-02-01,Республика Саха (Якутия),48.74515924
2020-02-01,Республика Северная Осетия-Алания,48.20025108
2020-02-01,Республика Татарстан,31.85188123
2020-02-01,Республика Тыва,28.00290943
2020-02-01,Республика Хакасия,45.28490794
2020-02-01,Ростовская область,37.8591568
2020-02-01,Рязанская область,43.23106199
2020-02-01,Самарская область,41.05686164
2020-02-01,Санкт-Петербург,26.03244706
2020-02-01,Саратовская область,47.56096238
2020-02-01,Сахалинская область,38.05035831
2020-02-01,Свердловская область,36.21096816
2020-02-01,Смоленская область,46.40696053
2020-02-01,Ставропольский край,42.57853249
2020-02-01,Тамбовская область,41.90360307
2020-02-01,Тверская область,39.75352793
2020-02-01,Томская область,39.5797349
2020-02-01,Тульская область,40.35940522
2020-02-01,Тюменская область,38.18908577
2020-02-01,Удмуртская Республика,37.27909217
2020-02-01,Ульяновская область,43.46363621
2020-02-01,Хабаровский край,40.54452072
2020-02-01,Челябинская область,46.84235852
2020-02-01,Чеченская Республика,63.87435239
2020-02-01,Чувашская Республика,39.87287844
2020-02-01,Чукотский АО,52.50573409
2020-02-01,Ярославская область,42.06473618
2020-03-01,Россия,34.19658456
2020-03-01,Адыгея,40.38081341
2020-03-01,Алтай,37.62468439
2020-03-01,Алтайский край,36.69488282
2020-03-01,Амурская область,39.90920224
2020-03-01,Архангельская область,41.13357221
2020-03-01,Астраханская область,44.11804906
2020-03-01,Белгородская область,38.45484621
2020-03-01,Брянская область,49.10419617
2020-03-01,Владимирская область,46.96225001
2020-03-01,Волгоградская область,41.44238112
2020-03-01,Вологодская область,44.87720878
2020-03-01,Воронежская область,40.87196767
2020-03-01,Еврейская автономная область,56.78656424
2020-03-01,Забайкальский край,40.84429652
2020-03-01,Ивановская область,41.77043082
2020-03-01,Иркутская область,41.12950309
2020-03-01,Кабардино-Балкарская Республика,47.36883962
2020-03-01,Калининградская область,38.36436561
2020-03-01,Калужская область,40.26076119
2020-03-01,Камчатский край,52.42518057
2020-03-01,Кемеровская область,49.44605047
2020-03-01,Кировская область,39.72037887
2020-03-01,Костромская область,38.59301373
2020-03-01,Краснодарский край,32.31978723
2020-03-01,Красноярский край,44.19890944
2020-03-01,Курганская область,44.7228522
2020-03-01,Курская область,43.00899018
2020-03-01,Ленинградская область,31.50850233
2020-03-01,Липецкая область,43.54462052
2020-03-01,Магаданская область,75.77800721
2020-03-01,Мордовия,45.20815442
2020-03-01,Москва,21.83270271
2020-03-01,Московская область,30.07335956
2020-03-01,Мурманская область,62.78648219
2020-03-01,Нижегородская область,33.9713505
2020-03-01,Новгородская область,43.95941463
2020-03-01,Новосибирская область,32.72089168
2020-03-01,Омская область,42.35820175
2020-03-01,Оренбургская область,46.47770826
2020-03-01,Орловская область,42.05135032
2020-03-01,Пензенская область,38.63904069
2020-03-01,Пермский край,39.40142612
2020-03-01,Приморский край,32.14539371
2020-03-01,Псковская область,44.26128437
2020-03-01,Республика Башкортостан,37.81336824
2020-03-01,Республика Бурятия,46.2647441
2020-03-01,Республика Дагестан,50.30178012
2020-03-01,Республика Ингушетия,69.9663741
2020-03-01,Республика Калмыкия,53.51577911
2020-03-01,Республика Карачаево-Черкессия,42.72585306
2020-03-01,Республика Карелия,43.93436155
2020-03-01,Республика Коми,48.32306526
2020-03-01,Республика Марий Эл,44.35061877
2020-03-01,Республика Саха (Якутия),45.01770329
2020-03-01,Республика Северная Осетия-Алания,48.54854246
2020-03-01,Республика Татарстан,32.1686402
2020-03-01,Республика Тыва,28.4062139
2020-03-01,Республика Хакасия,47.70843912
2020-03-01,Ростовская область,37.93991342
2020-03-01,Рязанская область,42.94242919
2020-03-01,Самарская область,41.52352133
2020-03-01,Санкт-Петербург,26.09533509
2020-03-01,Саратовская область,47.70266902
2020-03-01,Сахалинская область,34.14733025
2020-03-01,Свердловская область,36.11713651
2020-03-01,Смоленская область,46.1570023
2020-03-01,Ставропольский край,42.54616919
2020-03-01,Тамбовская область,42.14609394
2020-03-01,Тверская область,41.43713556
2020-03-01,Томская область,39.51335997
2020-03-01,Тульская область,40.44624221
2020-03-01,Тюменская область,38.3929086
2020-03-01,Удмуртская Республика,37.24302986
2020-03-01,Ульяновская область,44.12019476
2020-03-01,Хабаровский край,38.9308147
2020-03-01,Челябинская область,46.66265576
2020-03-01,Чеченская Республика,59.26459325
2020-03-01,Чувашская Республика,40.41374461
2020-03-01,Чукотский АО,48.11213155
2020-03-01,Ярославская область,43.26897452
2020-04-01,Россия,35.70696757
2020-04-01,Адыгея,47.11085722
2020-04-01,Алтай,38.36267745
2020-04-01,Алтайский край,37.94305806
2020-04-01,Амурская область,42.51677898
2020-04-01,Архангельская область,42.15264133
2020-04-01,Астраханская область,44.68821322
2020-04-01,Белгородская область,42.54376643
2020-04-01,Брянская область,51.50458921
2020-04-01,Владимирская область,48.40669497
2020-04-01,Волгоградская область,42.97563706
2020-04-01,Вологодская область,45.35996834
2020-04-01,Воронежская область,42.55957704
2020-04-01,Еврейская автономная область,57.82889748
2020-04-01,Забайкальский край,41.5721717
2020-04-01,Ивановская область,44.10602297
2020-04-01,Иркутская область,41.96271426
2020-04-01,Кабардино-Балкарская Республика,46.46320615
2020-04-01,Калининградская область,41.22603539
2020-04-01,Калужская область,42.2409142
2020-04-01,Камчатский край,56.53680949
2020-04-01,Кемеровская область,50.94014359
2020-04-01,Кировская область,41.85442202
2020-04-01,Костромская область,39.44233592
2020-04-01,Краснодарский край,32.74721494
2020-04-01,Красноярский край,45.73471621
2020-04-01,Курганская область,46.81887035
2020-04-01,Курская область,44.18074113
2020-04-01,Ленинградская область,32.22921442
2020-04-01,Липецкая область,45.91929896
2020-04-01,Магаданская область,75.58675817
2020-04-01,Мордовия,46.12973657
2020-04-01,Москва,22.31857115
2020-04-01,Московская область,30.71331019
2020-04-01,Мурманская область,62.89710768
2020-04-01,Нижегородская область,35.59070437
2020-04-01,Новгородская область,45.50384169
2020-04-01,Новосибирская область,33.88053227
2020-04-01,Омская область,43.35691912
2020-04-01,Оренбургская область,47.91746664
2020-04-01,Орловская область,46.58913755
2020-04-01,Пензенская область,41.4897555
2020-04-01,Пермский край,40.66593308
2020-04-01,Приморский край,32.18937611
2020-04-01,Псковская область,47.33328989
2020-04-01,Республика Башкортостан,39.27713975
2020-04-01,Республика Бурятия,44.62728267
2020-04-01,Республика Дагестан,48.44185057
2020-04-01,Республика Ингушетия,66.44879148
2020-04-01,Республика Калмыкия,54.20181205
2020-04-01,Республика Карачаево-Черкессия,41.30412484
2020-04-01,Республика Карелия,46.17258957
2020-04-01,Республика Коми,50.88635502
2020-04-01,Республика Марий Эл,47.05805779
2020-04-01,Республика Саха (Якутия),46.09168306
2020-04-01,Республика Северная Осетия-Алания,50.09001928
2020-04-01,Республика Татарстан,33.76278468
2020-04-01,Республика Тыва,33.64413383
2020-04-01,Республика Хакасия,48.64825619
2020-04-01,Ростовская область,39.31308419
2020-04-01,Рязанская область,45.95588568
2020-04-01,Самарская область,43.26875964
2020-04-01,Санкт-Петербург,26.56517187
2020-04-01,Саратовская область,49.48069936
2020-04-01,Сахалинская область,36.12582354
2020-04-01,Свердловская область,37.06988157
2020-04-01,Смоленская область,49.99212681
2020-04-01,Ставропольский край,43.76887474
2020-04-01,Тамбовская область,42.77152092
2020-04-01,Тверская область,41.39472728
2020-04-01,Томская область,40.43178195
2020-04-01,Тульская область,41.12354595
2020-04-01,Тюменская область,39.20410133
2020-04-01,Удмуртская Республика,40.69192978
2020-04-01,Ульяновская область,46.38126509
2020-04-01,Хабаровский край,39.0534972
2020-04-01,Челябинская область,47.97316719
2020-04-01,Чеченская Республика,63.06300112
2020-04-01,Чувашская Республика,42.23661745
2020-04-01,Чукотский АО,47.40822189
2020-04-01,Ярославская область,45.34675263
2020-05-01,Россия,35.96600714
2020-05-01,Адыгея,46.98928915
2020-05-01,Алтай,40.31995457
2020-05-01,Алтайский край,39.5771178
2020-05-01,Амурская область,39.76690395
2020-05-01,Архангельская область,43.79781312
2020-05-01,Астраханская область,45.33550004
2020-05-01,Белгородская область,42.67607937
2020-05-01,Брянская область,54.49592392
2020-05-01,Владимирская область,51.97254892
2020-05-01,Волгоградская область,44.79011102
2020-05-01,Вологодская область,47.38694338
2020-05-01,Воронежская область,44.07920925
2020-05-01,Еврейская автономная область,62.06492584
2020-05-01,Забайкальский край,42.50865752
2020-05-01,Ивановская область,47.28776305
2020-05-01,Иркутская область,42.37734331
2020-05-01,Кабардино-Балкарская Республика,52.98240027
2020-05-01,Калининградская область,41.45765409
2020-05-01,Калужская область,44.67992824
2020-05-01,Камчатский край,54.20306846
2020-05-01,Кемеровская область,52.12279444
2020-05-01,Кировская область,43.03067105
2020-05-01,Костромская область,40.112303
2020-05-01,Краснодарский край,34.54191507
2020-05-01,Красноярский край,47.19092843
2020-05-01,Курганская область,49.08286394
2020-05-01,Курская область,47.61648629
2020-05-01,Ленинградская область,33.43748422
2020-05-01,Липецкая область,47.83467872
2020-05-01,Магаданская область,74.92702695
2020-05-01,Мордовия,49.42290167
2020-05-01,Москва,23.23971372
2020-05-01,Московская область,31.89799702
2020-05-01,Мурманская область,66.14639966
2020-05-01,Нижегородская область,35.3535071
2020-05-01,Новгородская область,47.97672914
2020-05-01,Новосибирская область,35.2922141
2020-05-01,Омская область,45.03561812
2020-05-01,Оренбургская область,49.98457907
2020-05-01,Орловская область,48.28247343
2020-05-01,Пензенская область,42.56753589
2020-05-01,Пермский край,39.72819745
2020-05-01,Приморский край,32.78944685
2020-05-01,Псковская область,48.98765893
2020-05-01,Республика Башкортостан,39.7986694
2020-05-01,Республика Бурятия,45.43778082
2020-05-01,Республика Дагестан,53.78097464
2020-05-01,Республика Ингушетия,67.95419689
2020-05-01,Республика Калмыкия,55.67793833
2020-05-01,Республика Карачаево-Черкессия,43.21667952
2020-05-01,Республика Карелия,45.80336391
2020-05-01,Республика Коми,52.85024856
2020-05-01,Республика Марий Эл,47.67258113
2020-05-01,Республика Саха (Якутия),41.63698138
2020-05-01,Республика Северная Осетия-Алания,57.01394667
2020-05-01,Республика Татарстан,33.25729694
2020-05-01,Республика Тыва,27.79789899
2020-05-01,Республика Хакасия,49.98048845
2020-05-01,Ростовская область,40.79563572
2020-05-01,Рязанская область,47.00963337
2020-05-01,Самарская область,43.3073147
2020-05-01,Санкт-Петербург,27.24822004
2020-05-01,Саратовская область,52.59314911
2020-05-01,Сахалинская область,36.14028168
2020-05-01,Свердловская область,37.07552295
2020-05-01,Смоленская область,51.38291251
2020-05-01,Ставропольский край,45.40363456
2020-05-01,Тамбовская область,46.58803854
2020-05-01,Тверская область,44.7028598
2020-05-01,Томская область,41.69263967
2020-05-01,Тульская область,41.60069291
2020-05-01,Тюменская область,39.69097655
2020-05-01,Удмуртская Республика,41.54111602
2020-05-01,Ульяновская область,49.2863176
2020-05-01,Хабаровский край,40.17223865
2020-05-01,Челябинская область,49.9911281
2020-05-01,Чеченская Республика,65.35920483
2020-05-01,Чувашская Республика,45.52435309
2020-05-01,Чукотский АО,52.88881102
2020-05-01,Ярославская область,46.95983922
2020-06-01,Россия,36.69753154
2020-06-01,Адыгея,43.98071014
2020-06-01,Алтай,41.05713951
2020-06-01,Алтайский край,39.75750506
2020-06-01,Амурская область,40.06760648
2020-06-01,Архангельская область,44.89467014
2020-06-01,Астраханская область,47.74272169
2020-06-01,Белгородская область,40.59376392
2020-06-01,Брянская область,54.08486721
2020-06-01,Владимирская область,50.93171122
2020-06-01,Волгоградская область,45.78057379
2020-06-01,Вологодская область,48.66301739
2020-06-01,Воронежская область,44.14462699
2020-06-01,Еврейская автономная область,62.63166884
2020-06-01,Забайкальский край,43.74913715
2020-06-01,Ивановская область,47.44178081
2020-06-01,Иркутская область,43.76341133
2020-06-01,Кабардино-Балкарская Республика,54.10138356
2020-06-01,Калининградская область,42.72173425
2020-06-01,Калужская область,42.99002291
2020-06-01,Камчатский край,55.4713961
2020-06-01,Кемеровская область,50.64118455
2020-06-01,Кировская область,44.42936061
2020-06-01,Костромская область,40.61089732
2020-06-01,Краснодарский край,34.80994096
2020-06-01,Красноярский край,48.03968027
2020-06-01,Курганская область,48.44652564
2020-06-01,Курская область,48.16516541
2020-06-01,Ленинградская область,33.74827828
2020-06-01,Липецкая область,47.20131647
2020-06-01,Магаданская область,76.21443304
2020-06-01,Мордовия,50.55287862
2020-06-01,Москва,22.57996916
2020-06-01,Московская область,31.33076922
2020-06-01,Мурманская область,65.73800969
2020-06-01,Нижегородская область,36.27339809
2020-06-01,Новгородская область,48.331615
2020-06-01,Новосибирская область,34.95711844
2020-06-01,Омская область,44.58819062
2020-06-01,Оренбургская область,50.89323189
2020-06-01,Орловская область,47.63075995
2020-06-01,Пензенская область,43.30303779
2020-06-01,Пермский край,40.33512993
2020-06-01,Приморский край,32.99405749
2020-06-01,Псковская область,49.62666798
2020-06-01,Республика Башкортостан,39.37395304
2020-06-01,Республика Бурятия,45.3943527
2020-06-01,Республика Дагестан,59.85465408
2020-06-01,Республика Ингушетия,78.22801513
2020-06-01,Республика Калмыкия,56.45184105
2020-06-01,Республика Карачаево-Черкессия,39.95482907
2020-06-01,Республика Карелия,47.70759977
2020-06-01,Республика Коми,53.40616587
2020-06-01,Республика Марий Эл,47.32776439
2020-06-01,Республика Саха (Якутия),41.53833191
2020-06-01,Республика Северная Осетия-Алания,60.7536129
2020-06-01,Республика Татарстан,32.86793271
2020-06-01,Республика Тыва,32.72993641
2020-06-01,Республика Хакасия,50.46969281
2020-06-01,Ростовская область,41.43284694
2020-06-01,Рязанская область,47.31510832
2020-06-01,Самарская область,43.54359553
2020-06-01,Санкт-Петербург,27.52774755
2020-06-01,Саратовская область,52.4030662
2020-06-01,Сахалинская область,35.83795723
2020-06-01,Свердловская область,37.65710551
2020-06-01,Смоленская область,51.02357215
2020-06-01,Ставропольский край,45.68330932
2020-06-01,Тамбовская область,46.09342043
2020-06-01,Тверская область,45.1329106
2020-06-01,Томская область,41.98892343
2020-06-01,Тульская область,41.81686749
2020-06-01,Тюменская область,39.34581882
2020-06-01,Удмуртская Республика,40.72386597
2020-06-01,Ульяновская область,47.59674777
2020-06-01,Хабаровский край,40.83685818
2020-06-01,Челябинская область,50.8555168
2020-06-01,Чеченская Республика,63.54584073
2020-06-01,Чувашская Республика,45.62421304
2020-06-01,Чукотский АО,50.27048642
2020-06-01,Ярославская область,46.83024999
2020-07-01,Россия,36.80988113
2020-07-01,Адыгея,46.74121675
2020-07-01,Алтай,40.87843613
2020-07-01,Алтайский край,40.43677468
2020-07-01,Амурская область,41.31587128
2020-07-01,Архангельская область,45.22229506
2020-07-01,Астраханская область,48.5545388
2020-07-01,Белгородская область,40.5842822
2020-07-01,Брянская область,53.71523881
2020-07-01,Владимирская область,52.26464009
2020-07-01,Волгоградская область,46.27265876
2020-07-01,Вологодская область,48.24252875
2020-07-01,Воронежская область,45.22101663
2020-07-01,Еврейская автономная область,61.98639512
2020-07-01,Забайкальский край,40.984916
2020-07-01,Ивановская область,48.40541211
2020-07-01,Иркутская область,44.03533248
2020-07-01,Кабардино-Балкарская Республика,52.20545321
2020-07-01,Калининградская область,42.29322445
2020-07-01,Калужская область,44.47899768
2020-07-01,Камчатский край,57.8299689
2020-07-01,Кемеровская область,51.34429212
2020-07-01,Кировская область,45.152662
2020-07-01,Костромская область,39.7368329
2020-07-01,Краснодарский край,35.30999061
2020-07-01,Красноярский край,47.64738743
2020-07-01,Курганская область,48.85541469
2020-07-01,Курская область,47.44867308
2020-07-01,Ленинградская область,33.50208138
2020-07-01,Липецкая область,48.70236483
2020-07-01,Магаданская область,80.91494053
2020-07-01,Мордовия,50.42569798
2020-07-01,Москва,23.05529268
2020-07-01,Московская область,32.39374326
2020-07-01,Мурманская область,67.83393555
2020-07-01,Нижегородская область,36.10616983
2020-07-01,Новгородская область,49.09588753
2020-07-01,Новосибирская область,35.98352804
2020-07-01,Омская область,45.85031128
2020-07-01,Оренбургская область,50.45989022
2020-07-01,Орловская область,47.9381339
2020-07-01,Пензенская область,44.72176101
2020-07-01,Пермский край,40.85630886
2020-07-01,Приморский край,31.55954137
2020-07-01,Псковская область,51.23552598
2020-07-01,Республика Башкортостан,39.88229526
2020-07-01,Республика Бурятия,44.22072959
2020-07-01,Республика Дагестан,53.76789902
2020-07-01,Республика Ингушетия,70.63654546
2020-07-01,Республика Калмыкия,58.81654054
2020-07-01,Республика Карачаево-Черкессия,45.64693157
2020-07-01,Республика Карелия,47.51666894
2020-07-01,Республика Коми,54.62880806
2020-07-01,Республика Марий Эл,50.01414758
2020-07-01,Республика Саха (Якутия),42.85013777
2020-07-01,Республика Северная Осетия-Алания,55.55885484
2020-07-01,Республика Татарстан,33.6107954
2020-07-01,Республика Тыва,32.21475646
2020-07-01,Республика Хакасия,51.40921231
2020-07-01,Ростовская область,42.53669598
2020-07-01,Рязанская область,48.25932157
2020-07-01,Самарская область,45.02157885
2020-07-01,Санкт-Петербург,28.06590298
2020-07-01,Саратовская область,53.62891502
2020-07-01,Сахалинская область,35.12824067
2020-07-01,Свердловская область,38.19228253
2020-07-01,Смоленская область,52.86171386
2020-07-01,Ставропольский край,46.10332545
2020-07-01,Тамбовская область,44.30877575
2020-07-01,Тверская область,45.04908556
2020-07-01,Томская область,42.47564711
2020-07-01,Тульская область,42.85845728
2020-07-01,Тюменская область,40.04866672
2020-07-01,Удмуртская Республика,41.51494497
2020-07-01,Ульяновская область,49.0474756
2020-07-01,Хабаровский край,41.12733444
2020-07-01,Челябинская область,52.3664274
2020-07-01,Чеченская Республика,66.42118917
2020-07-01,Чувашская Республика,46.16459666
2020-07-01,Чукотский АО,48.37983396
2020-07-01,Ярославская область,47.75203752
2020-08-01,Россия,37.43890572
2020-08-01,Адыгея,43.67604592
2020-08-01,Алтай,41.01900036
2020-08-01,Алтайский край,40.34106313
2020-08-01,Амурская область,41.44470262
2020-08-01,Архангельская область,44.87471511
2020-08-01,Астраханская область,46.05662685
2020-08-01,Белгородская область,41.3721403
2020-08-01,Брянская область,54.49593439
2020-08-01,Владимирская область,54.30165565
2020-08-01,Волгоградская область,46.90355362
2020-08-01,Вологодская область,49.14091843
2020-08-01,Воронежская область,46.09400624
2020-08-01,Еврейская автономная область,62.69233027
2020-08-01,Забайкальский край,40.92360764
2020-08-01,Ивановская область,49.0659155
2020-08-01,Иркутская область,43.90039547
2020-08-01,Кабардино-Балкарская Республика,53.60718613
2020-08-01,Калининградская область,43.3704172
2020-08-01,Калужская область,46.15130458
2020-08-01,Камчатский край,55.31365901
2020-08-01,Кемеровская область,52.18843358
2020-08-01,Кировская область,45.07478061
2020-08-01,Костромская область,40.69169474
2020-08-01,Краснодарский край,35.72016845
2020-08-01,Красноярский край,47.9934019
2020-08-01,Курганская область,49.34815462
2020-08-01,Курская область,49.23429313
2020-08-01,Ленинградская область,35.39294149
2020-08-01,Липецкая область,49.21256641
2020-08-01,Магаданская область,80.34136782
2020-08-01,Мордовия,49.6459864
2020-08-01,Москва,23.67833492
2020-08-01,Московская область,33.48524823
2020-08-01,Мурманская область,69.92231127
2020-08-01,Нижегородская область,36.97711617
2020-08-01,Новгородская область,50.98329884
2020-08-01,Новосибирская область,36.31488104
2020-08-01,Омская область,45.67480135
2020-08-01,Оренбургская область,51.32794312
2020-08-01,Орловская область,47.83674329
2020-08-01,Пензенская область,44.48569768
2020-08-01,Пермский край,42.02085063
2020-08-01,Приморский край,31.67370307
2020-08-01,Псковская область,53.60995809
2020-08-01,Республика Башкортостан,40.69192124
2020-08-01,Республика Бурятия,44.31909153
2020-08-01,Республика Дагестан,51.62708833
2020-08-01,Республика Ингушетия,67.81570084
2020-08-01,Республика Калмыкия,55.24016921
2020-08-01,Республика Карачаево-Черкессия,45.21473593
2020-08-01,Республика Карелия,48.388023
2020-08-01,Республика Коми,53.27881059
2020-08-01,Республика Марий Эл,51.34772092
2020-08-01,Республика Саха (Якутия),40.26921303
2020-08-01,Республика Северная Осетия-Алания,53.13275586
2020-08-01,Республика Татарстан,35.13359015
2020-08-01,Республика Тыва,32.78114825
2020-08-01,Республика Хакасия,52.10643517
2020-08-01,Ростовская область,42.75833951
2020-08-01,Рязанская область,49.00780011
2020-08-01,Самарская область,45.35787385
2020-08-01,Санкт-Петербург,29.35039074
2020-08-01,Саратовская область,54.92075355
2020-08-01,Сахалинская область,34.79919337
2020-08-01,Свердловская область,38.85818804
2020-08-01,Смоленская область,53.58839845
2020-08-01,Ставропольский край,45.7591538
2020-08-01,Тамбовская область,46.80852059
2020-08-01,Тверская область,46.13761594
2020-08-01,Томская область,42.84648043
2020-08-01,Тульская область,43.21384653
2020-08-01,Тюменская область,40.61131002
2020-08-01,Удмуртская Республика,42.54257876
2020-08-01,Ульяновская область,49.02377977
2020-08-01,Хабаровский край,40.64048885
2020-08-01,Челябинская область,52.77625192
2020-08-01,Чеченская Республика,66.59764476
2020-08-01,Чувашская Республика,46.55015112
2020-08-01,Чукотский АО,48.19265476
2020-08-01,Ярославская область,48.46133161
2020-09-01,Россия,37.49276289
2020-09-01,Адыгея,44.26495856
2020-09-01,Алтай,39.5746095
2020-09-01,Алтайский край,40.29025589
2020-09-01,Амурская область,40.76663988
2020-09-01,Архангельская область,44.53017375
2020-09-01,Астраханская область,47.44808711
2020-09-01,Белгородская область,42.83817933
2020-09-01,Брянская область,52.75910217
2020-09-01,Владимирская область,52.07884192
2020-09-01,Волгоградская область,46.32763266
2020-09-01,Вологодская область,49.09298187
2020-09-01,Воронежская область,47.0088165
2020-09-01,Еврейская автономная область,60.18740223
2020-09-01,Забайкальский край,39.59101495
2020-09-01,Ивановская область,50.19544668
2020-09-01,Иркутская область,43.71403357
2020-09-01,Кабардино-Балкарская Республика,52.32458319
2020-09-01,Калининградская область,44.47680537
2020-09-01,Калужская область,45.12758488
2020-09-01,Камчатский край,58.37896064
2020-09-01,Кемеровская область,51.99012458
2020-09-01,Кировская область,45.36130813
2020-09-01,Костромская область,40.07837265
2020-09-01,Краснодарский край,35.55229783
2020-09-01,Красноярский край,47.74995341
2020-09-01,Курганская область,50.5026658
2020-09-01,Курская область,47.97046381
2020-09-01,Ленинградская область,35.44367033
2020-09-01,Липецкая область,49.9786215
2020-09-01,Магаданская область,79.30768883
2020-09-01,Мордовия,50.09029129
2020-09-01,Москва,23.47975323
2020-09-01,Московская область,33.4125217
2020-09-01,Мурманская область,70.38420865
2020-09-01,Нижегородская область,36.90362333
2020-09-01,Новгородская область,50.05497673
2020-09-01,Новосибирская область,36.39279188
2020-09-01,Омская область,45.68363367
2020-09-01,Оренбургская область,50.99636354
2020-09-01,Орловская область,49.9966564
2020-09-01,Пензенская область,44.38135064
2020-09-01,Пермский край,42.28407918
2020-09-01,Приморский край,31.50123953
2020-09-01,Псковская область,53.0927072
2020-09-01,Республика Башкортостан,40.12197858
2020-09-01,Республика Бурятия,43.83486373
2020-09-01,Республика Дагестан,49.32741236
2020-09-01,Республика Ингушетия,72.38983817
2020-09-01,Республика Калмыкия,56.33134527
2020-09-01,Республика Карачаево-Черкессия,48.36847324
2020-09-01,Республика Карелия,47.6611485
2020-09-01,Республика Коми,56.3564368
2020-09-01,Республика Марий Эл,51.75612916
2020-09-01,Республика Саха (Якутия),40.05019054
2020-09-01,Республика Северная Осетия-Алания,54.93896917
2020-09-01,Республика Татарстан,35.00615273
2020-09-01,Республика Тыва,30.36591331
2020-09-01,Республика Хакасия,51.00646867
2020-09-01,Ростовская область,42.40108516
2020-09-01,Рязанская область,48.03211725
2020-09-01,Самарская область,45.49873402
2020-09-01,Санкт-Петербург,28.23255181
2020-09-01,Саратовская область,54.49600641
2020-09-01,Сахалинская область,33.79755904
2020-09-01,Свердловская область,39.7192063
2020-09-01,Смоленская область,52.45621475
2020-09-01,Ставропольский край,45.93906662
2020-09-01,Тамбовская область,45.19230557
2020-09-01,Тверская область,46.17487565
2020-09-01,Томская область,41.83963087
2020-09-01,Тульская область,43.65033169
2020-09-01,Тюменская область,40.78038347
2020-09-01,Удмуртская Республика,42.56901702
2020-09-01,Ульяновская область,48.97361039
2020-09-01,Хабаровский край,40.58426877
2020-09-01,Челябинская область,54.07616585
2020-09-01,Чеченская Республика,67.09012302
2020-09-01,Чувашская Республика,46.65497116
2020-09-01,Чукотский АО,50.05428427
2020-09-01,Ярославская область,48.2261002
2020-10-01,Россия,37.26039201
2020-10-01,Адыгея,45.02926789
2020-10-01,Алтай,40.49692851
2020-10-01,Алтайский край,41.10501605
2020-10-01,Амурская область,39.77390833
2020-10-01,Архангельская область,45.01812768
2020-10-01,Астраханская область,46.07496552
2020-10-01,Белгородская область,43.11945088
2020-10-01,Брянская область,53.62893308
2020-10-01,Владимирская область,51.90684844
2020-10-01,Волгоградская область,46.7133466
2020-10-01,Вологодская область,49.60630048
2020-10-01,Воронежская область,46.1498278
2020-10-01,Еврейская автономная область,58.77642118
2020-10-01,Забайкальский край,39.89124806
2020-10-01,Ивановская область,49.48012375
2020-10-01,Иркутская область,42.7472127
2020-10-01,Кабардино-Балкарская Республика,53.09398901
2020-10-01,Калининградская область,41.95643608
2020-10-01,Калужская область,44.99345661
2020-10-01,Камчатский край,57.90514187
2020-10-01,Кемеровская область,51.95678908
2020-10-01,Кировская область,45.30696997
2020-10-01,Костромская область,41.22694917
2020-10-01,Краснодарский край,35.61967424
2020-10-01,Красноярский край,47.67412646
2020-10-01,Курганская область,50.32130921
2020-10-01,Курская область,47.79862741
2020-10-01,Ленинградская область,35.13232058
2020-10-01,Липецкая область,48.55885337
2020-10-01,Магаданская область,84.43279647
2020-10-01,Мордовия,49.13442108
2020-10-01,Москва,23.11450294
2020-10-01,Московская область,32.82616621
2020-10-01,Мурманская область,69.08508116
2020-10-01,Нижегородская область,36.41651206
2020-10-01,Новгородская область,50.5464225
2020-10-01,Новосибирская область,35.54707377
2020-10-01,Омская область,44.96011592
2020-10-01,Оренбургская область,51.40015667
2020-10-01,Орловская область,47.78419046
2020-10-01,Пензенская область,44.3936119
2020-10-01,Пермский край,42.42326464
2020-10-01,Приморский край,30.8631567
2020-10-01,Псковская область,52.29356708
2020-10-01,Республика Башкортостан,40.93950996
2020-10-01,Республика Бурятия,43.43175188
2020-10-01,Республика Дагестан,49.46980252
2020-10-01,Республика Ингушетия,70.72475232
2020-10-01,Республика Калмыкия,57.70867541
2020-10-01,Республика Карачаево-Черкессия,48.1661517
2020-10-01,Республика Карелия,48.70572672
2020-10-01,Республика Коми,55.75270028
2020-10-01,Республика Марий Эл,52.19803792
2020-10-01,Республика Саха (Якутия),39.68813523
2020-10-01,Республика Северная Осетия-Алания,55.19290521
2020-10-01,Республика Татарстан,34.5410215
2020-10-01,Республика Тыва,30.43449247
2020-10-01,Республика Хакасия,50.43245179
2020-10-01,Ростовская область,42.61066526
2020-10-01,Рязанская область,47.13038464
2020-10-01,Самарская область,45.69661209
2020-10-01,Санкт-Петербург,27.9942266
2020-10-01,Саратовская область,54.17524811
2020-10-01,Сахалинская область,33.75909192
2020-10-01,Свердловская область,38.83411559
2020-10-01,Смоленская область,52.56844442
2020-10-01,Ставропольский край,45.32386219
2020-10-01,Тамбовская область,46.05694614
2020-10-01,Тверская область,46.03603891
2020-10-01,Томская область,42.10257217
2020-10-01,Тульская область,42.62754081
2020-10-01,Тюменская область,40.51979624
2020-10-01,Удмуртская Республика,42.43048198
2020-10-01,Ульяновская область,49.2585079
2020-10-01,Хабаровский край,40.26258533
2020-10-01,Челябинская область,53.18445232
2020-10-01,Чеченская Республика,71.72516537
2020-10-01,Чувашская Республика,46.844823
2020-10-01,Чукотский АО,51.90318355
2020-10-01,Ярославская область,47.39169355
